run,step,raw_norm_before
E15,1,1.908e+04
E15,2,1.903e+04
E15,3,1.9e+04
E15,4,1.898e+04
E15,5,1.897e+04
E15,6,1.896e+04
E15,7,1.894e+04
E15,8,1.892e+04
E15,9,1.889e+04
E15,10,1.886e+04
forgetting-30step-20260929,1,1.908e+04
forgetting-30step-20260929,2,1.903e+04
forgetting-30step-20260929,3,1.9e+04
forgetting-30step-20260929,4,1.898e+04
forgetting-30step-20260929,5,1.897e+04
forgetting-30step-20260929,6,1.896e+04
forgetting-30step-20260929,7,1.894e+04
forgetting-30step-20260929,8,1.892e+04
forgetting-30step-20260929,9,1.889e+04
forgetting-30step-20260929,10,1.886e+04
forgetting-30step-20260929,11,1.884e+04
forgetting-30step-20260929,12,1.881e+04
forgetting-30step-20260929,13,1.879e+04
forgetting-30step-20260929,14,1.877e+04
forgetting-30step-20260929,15,1.874e+04
forgetting-30step-20260929,16,1.872e+04
forgetting-30step-20260929,17,1.87e+04
forgetting-30step-20260929,18,1.868e+04
forgetting-30step-20260929,19,1.866e+04
forgetting-30step-20260929,20,1.863e+04
forgetting-30step-20260929,21,1.861e+04
forgetting-30step-20260929,22,1.858e+04
forgetting-30step-20260929,23,1.856e+04
forgetting-30step-20260929,24,1.854e+04
forgetting-30step-20260929,25,1.851e+04
forgetting-30step-20260929,26,1.849e+04
forgetting-30step-20260929,27,1.847e+04
forgetting-30step-20260929,28,1.845e+04
forgetting-30step-20260929,29,1.843e+04
forgetting-30step-20260929,30,1.84e+04
